use disc
show tables ;
select count(*) from disc;
source disc.sql;
select count(*) from disc;
drop table disc;
source disc.sql;
show tables ;
source disc.sql;
use disc
show  tables;
select count(*) from disc;
use disc
truncate table disc;
use disc
drop table disc;
source disc.sql;
truncate table disc;
use disc
selecy count(*) from disc;
select count(*) from disc;
drop database disc;
source disc.sql;
select count(*) from disc;
use disc
select count(*) from disc;
use disc;
select count(*) from disc;
use dm
show tablas;
show tables;
SELECT SUM(TABLE_ROWS) 
        FROM INFORMATION_SCHEMA.TABLES 
        WHERE TABLE_SCHEMA = 'dm';
SELECT SUM(TABLE_ROWS)          FROM INFORMATION_SCHEMA.TABLES          WHERE TABLE_SCHEMA = 'dm';
SELECT table_name, table_rows
FROM INFORMATION_SCHEMA.TABLES
WHERE TABLE_SCHEMA = '**YOUR SCHEMA**';
SELECT table_name, table_rows FROM INFORMATION_SCHEMA.TABLES WHERE TABLE_SCHEMA = '**YOUR SCHEMA**';
SELECT table_name, table_rows FROM INFORMATION_SCHEMA.TABLES WHERE TABLE_SCHEMA = 'dm';
SELECT table_name, table_rows FROM INFORMATION_SCHEMA.TABLES WHERE TABLE_SCHEMA = 'dm' order by 1;
use disc;
SELECT table_name, table_rows FROM INFORMATION_SCHEMA.TABLES WHERE TABLE_SCHEMA = 'disc' order by 1;
SELECT table_name, table_rows FROM INFORMATION_SCHEMA.TABLES WHERE TABLE_SCHEMA = 'dm';
SELECT table_name, table_rows FROM INFORMATION_SCHEMA.TABLES WHERE TABLE_SCHEMA = 'dm' order by 1;
use disc
SELECT table_name, table_rows FROM INFORMATION_SCHEMA.TABLES WHERE TABLE_SCHEMA = 'disc';
use disc
select count(*) from disc;
source borraTabla.sql;
SELECT table_name, table_rows FROM INFORMATION_SCHEMA.TABLES WHERE TABLE_SCHEMA = 'dm' order by 1;
SELECT table_name, table_rows FROM INFORMATION_SCHEMA.TABLES WHERE TABLE_SCHEMA = 'disc order by 1;
;
SELECT table_name, table_rows FROM INFORMATION_SCHEMA.TABLES WHERE TABLE_SCHEMA = 'disc' order by 1;
'
;
SELECT table_name, table_rows FROM INFORMATION_SCHEMA.TABLES WHERE TABLE_SCHEMA = 'disc order by 1;
;
;
SELECT table_name, table_rows FROM INFORMATION_SCHEMA.TABLES WHERE TABLE_SCHEMA = 'disc' order by 1;
';
SELECT table_name, table_rows FROM INFORMATION_SCHEMA.TABLES WHERE TABLE_SCHEMA = 'disc order by 1;
;
;
SELECT table_name, table_rows FROM INFORMATION_SCHEMA.TABLES WHERE TABLE_SCHEMA = 'disc' order by 1;
';
SELECT table_name, table_rows FROM INFORMATION_SCHEMA.TABLES WHERE TABLE_SCHEMA = 'disc order by 1;
;
;
SELECT table_name, table_rows FROM INFORMATION_SCHEMA.TABLES WHERE TABLE_SCHEMA = 'disc' order by ;
SELECT table_name, table_rows FROM INFORMATION_SCHEMA.TABLES WHERE TABLE_SCHEMA = 'disc' order by 1 ;
use evaluacenter 
source fuente.sql;
use evaluacenter 
source person.sql;
SELECT table_name, table_rows FROM INFORMATION_SCHEMA.TABLES WHERE TABLE_SCHEMA = 'dm' order by 1;
use dm
source borraTabla.sql;
SELECT table_name, table_rows FROM INFORMATION_SCHEMA.TABLES WHERE TABLE_SCHEMA = 'dm' order by 1;
SELECT table_name, table_rows FROM INFORMATION_SCHEMA.TABLES WHERE TABLE_SCHEMA = 'disc' order by 1 ;
use dm
select count(*) from dim_evaluado;
| count(*) |
+----------+
|    36845 |
+----------+
1 row in set (0.01 sec)
mysql> 
;
| count(*) | +----------+ |    36845 | +----------+ 1 row in set (0.01 sec)  mysql>;
SET FOREIGN_KEY_CHECKS = 0;
truncate table dim_evaluado;
select count(*) from dim_evaluado;
use dm;
select count(*) from dim_evaluado;
select * from dim_evaluado limit 10;
select * from dim_evaluado limit 5;
use disc
select count(*) FROM disc;
SELECT table_name, table_rows FROM INFORMATION_SCHEMA.TABLES WHERE TABLE_SCHEMA = 'dm' order by 1 ;
use dm
source borraDM.sql;
use disc
select count(*) from disc;
use disc
select count(*) from disc;
show databases
;
use evaluacenter;
source fuente.sql;
use evaluacenter;
source fuente.sql;
use disc
select count(*) from disc;
select * from disc limit 10;
use dm
show databases;
use dm
source point.sql;
source points.sql;
show tables;
use disc;
show tables;
use disc
dource disc.sql;
source disc.sql;
describe disc;
use disc
select  id from disc limit 10;
use disc
select id,factor_adaptado from disc limit 10;
select id,factor_adaptado from disc limit 10;
update disc set factor _adaptado = NULL where id = 1106;
update disc set factor_adaptado = NULL where id = 1106;
update disc set factor_adaptado = NULL where id = 1147;
select id,factor_adaptado from disc limit 10;
update disc set factor_adaptado = NULL where id = 982 ;
use disc
select id,factor_adaptado from disc limit 10;
